{
  "productos": [
    {
      "id": 1,
      "nombre": "Catan",
      "descripcion": "Juego de estrategia y comercio",
      "precio": 29990,
      "avatar": "/img_juegos/catan.webp",
      "categoria": "",
      "stock": 15,
      "detalles": "Para 3-4 jugadores, duración 60-90 minutos"
    },
    {
      "id": 2,
      "nombre": "Dixit",
      "descripcion": "Juego de imaginación y creatividad",
      "precio": 24990,
      "avatar": "/img_juegos/dixit.webp",
      "categoria": "familiar",
      "stock": 10,
      "detalles": "Para 3-6 jugadores, duración 30 minutos"
    },
    {
      "id": 3,
      "nombre": "Código Secreto",
      "descripcion": "Juego de palabras y deducción",
      "precio": 19990,
      "avatar":"/img_juegos/codigo_secreto.webp",
      "categoria": "detectives",
      "stock": 8,
      "detalles": "Para 2-8 jugadores, duración 15-30 minutos"
    },
    {
      "id": 4,
      "nombre": "Ticket to Ride",
      "descripcion": "Juego de construcción de rutas ferroviarias",
      "precio": 34990,
      "avatar": "/img_juegos/ticket_to_ride.webp",
      "categoria": "estrategia",
      "stock": 12,
      "detalles": "Para 2-5 jugadores, duración 30-60 minutos"
    }
  ]
}
